xinghangc,79e01554-afe7-4a7c-99c0-cc6812996eef
r3medy,a1202e7a-5ebc-3f87-ba2f-d7f8de100dbc
hangez,8f00e5fb-b0ae-35b8-8cb0-edc94e8bab60
keerqinfu,1806f72b-70e7-3609-8f98-de8e2435b839
yeluobuzhiqiu,972f983f-f7b7-3b3c-bb89-83b09a1a87b6
lqndwyy,523f0f3b-677a-3ce3-9f6c-0929a7db97d3
star_dust__,c4859692-1bd1-3110-a213-f47174439d8d
jokershiisme,0c8cb44e-f048-3abd-bfcc-b166c2e0159f
123,197dbafe-d7db-432d-87fe-7bb7b8f00b43
aaady,91f0b26b-a106-34ed-8240-e208067c329a
hazukimio,63a99bad-fb61-3dae-9cd7-a04425e8d08c
xiangmu,7107b7df-05c7-452c-91e2-78b1c3f02718
lzl66,8fb800b8-fa80-32dc-ac62-db250f0230f7
fgun,425e4a6f-069c-421a-9b73-e99c4b49c566
frspbles,6efc463e-8a06-32ef-8740-2bacd7a1d512
starchen,1e6fa88f-f90a-3e06-854e-913ad8c77c0c
qgeq,12df8308-2270-34bc-ad64-4867150824c4
wrq,16f88227-29dd-45bd-93a2-7d472ec56ed0
hunter,cccf4cd4-4cdc-47d8-962d-307b4a5a8c99
frspble,775772c9-dbb3-3d79-8256-33a63c51b3e0
